BEGIN TRANSACTION;
CREATE TABLE IF NOT EXISTS "_prisma_migrations" (
	"id"	TEXT NOT NULL,
	"checksum"	TEXT NOT NULL,
	"finished_at"	DATETIME,
	"migration_name"	TEXT NOT NULL,
	"logs"	TEXT,
	"rolled_back_at"	DATETIME,
	"started_at"	DATETIME NOT NULL DEFAULT current_timestamp,
	"applied_steps_count"	INTEGER UNSIGNED NOT NULL DEFAULT 0,
	PRIMARY KEY("id")
);
CREATE TABLE IF NOT EXISTS "Company" (
	"companyId"	TEXT NOT NULL,
	"name"	TEXT NOT NULL,
	"description"	TEXT,
	"email"	TEXT,
	"phone"	TEXT,
	"createdAt"	DATETIME NOT NULL DEFAULT CURRENT_TIMESTAMP,
	"updatedAt"	DATETIME NOT NULL,
	PRIMARY KEY("companyId")
);
CREATE TABLE IF NOT EXISTS "Dispatcher" (
	"dispatcherId"	TEXT NOT NULL,
	"name"	TEXT NOT NULL,
	"description"	TEXT,
	"email"	TEXT NOT NULL,
	"phone"	TEXT,
	"commissionPercent"	REAL NOT NULL,
	"createdAt"	DATETIME NOT NULL DEFAULT CURRENT_TIMESTAMP,
	"updatedAt"	DATETIME NOT NULL,
	PRIMARY KEY("dispatcherId")
);
CREATE TABLE IF NOT EXISTS "Driver" (
	"driverId"	TEXT NOT NULL,
	"name"	TEXT NOT NULL,
	"description"	TEXT,
	"email"	TEXT NOT NULL,
	"phone"	TEXT,
	"hourlyRate"	REAL NOT NULL,
	"createdAt"	DATETIME NOT NULL DEFAULT CURRENT_TIMESTAMP,
	"updatedAt"	DATETIME NOT NULL,
	PRIMARY KEY("driverId")
);
CREATE TABLE IF NOT EXISTS "Unit" (
	"unitId"	TEXT NOT NULL,
	"name"	TEXT NOT NULL,
	"description"	TEXT,
	"createdAt"	DATETIME NOT NULL DEFAULT CURRENT_TIMESTAMP,
	"updatedAt"	DATETIME NOT NULL,
	"color"	TEXT,
	"plateNumber"	TEXT,
	"vin"	TEXT,
	PRIMARY KEY("unitId")
);
CREATE TABLE IF NOT EXISTS "DriverRate" (
	"driverRateId"	TEXT NOT NULL,
	"driverId"	TEXT NOT NULL,
	"jobTypeId"	TEXT NOT NULL,
	"hourlyRate"	REAL,
	"percentageRate"	REAL,
	"createdAt"	DATETIME NOT NULL DEFAULT CURRENT_TIMESTAMP,
	"updatedAt"	DATETIME NOT NULL,
	CONSTRAINT "DriverRate_jobTypeId_fkey" FOREIGN KEY("jobTypeId") REFERENCES "JobType"("jobTypeId") ON DELETE RESTRICT ON UPDATE CASCADE,
	CONSTRAINT "DriverRate_driverId_fkey" FOREIGN KEY("driverId") REFERENCES "Driver"("driverId") ON DELETE RESTRICT ON UPDATE CASCADE,
	PRIMARY KEY("driverRateId")
);
CREATE TABLE IF NOT EXISTS "Invoice" (
	"invoiceId"	TEXT NOT NULL,
	"dispatcherId"	TEXT NOT NULL,
	"invoiceNumber"	TEXT NOT NULL,
	"invoiceDate"	DATETIME NOT NULL,
	"status"	TEXT NOT NULL DEFAULT 'Pending',
	"subTotal"	REAL,
	"dispatchPercent"	REAL,
	"commission"	REAL,
	"hst"	REAL,
	"total"	REAL,
	"billedTo"	TEXT,
	"billedEmail"	TEXT,
	"createdAt"	DATETIME NOT NULL DEFAULT CURRENT_TIMESTAMP,
	"updatedAt"	DATETIME NOT NULL,
	CONSTRAINT "Invoice_dispatcherId_fkey" FOREIGN KEY("dispatcherId") REFERENCES "Dispatcher"("dispatcherId") ON DELETE RESTRICT ON UPDATE CASCADE,
	PRIMARY KEY("invoiceId")
);
CREATE TABLE IF NOT EXISTS "InvoiceLine" (
	"invoiceLineId"	TEXT NOT NULL,
	"invoiceId"	TEXT NOT NULL,
	"jobId"	TEXT NOT NULL,
	"lineAmount"	REAL NOT NULL DEFAULT 0,
	"createdAt"	DATETIME NOT NULL DEFAULT CURRENT_TIMESTAMP,
	"updatedAt"	DATETIME NOT NULL,
	CONSTRAINT "InvoiceLine_jobId_fkey" FOREIGN KEY("jobId") REFERENCES "Job"("jobId") ON DELETE RESTRICT ON UPDATE CASCADE,
	CONSTRAINT "InvoiceLine_invoiceId_fkey" FOREIGN KEY("invoiceId") REFERENCES "Invoice"("invoiceId") ON DELETE RESTRICT ON UPDATE CASCADE,
	PRIMARY KEY("invoiceLineId")
);
CREATE TABLE IF NOT EXISTS "Job" (
	"jobId"	TEXT NOT NULL,
	"jobDate"	TEXT NOT NULL,
	"jobGrossAmount"	REAL,
	"jobTypeId"	TEXT,
	"driverId"	TEXT,
	"dispatcherId"	TEXT,
	"unitId"	TEXT,
	"invoiceId"	TEXT,
	"invoiceStatus"	TEXT NOT NULL DEFAULT 'Pending',
	"weight"	TEXT,
	"loads"	INTEGER,
	"startTime"	TEXT,
	"endTime"	TEXT,
	"ticketIds"	TEXT,
	"paymentReceived"	BOOLEAN NOT NULL DEFAULT false,
	"createdAt"	DATETIME NOT NULL DEFAULT CURRENT_TIMESTAMP,
	"updatedAt"	DATETIME NOT NULL,
	CONSTRAINT "Job_driverId_fkey" FOREIGN KEY("driverId") REFERENCES "Driver"("driverId") ON DELETE SET NULL ON UPDATE CASCADE,
	CONSTRAINT "Job_jobTypeId_fkey" FOREIGN KEY("jobTypeId") REFERENCES "JobType"("jobTypeId") ON DELETE SET NULL ON UPDATE CASCADE,
	CONSTRAINT "Job_dispatcherId_fkey" FOREIGN KEY("dispatcherId") REFERENCES "Dispatcher"("dispatcherId") ON DELETE SET NULL ON UPDATE CASCADE,
	CONSTRAINT "Job_invoiceId_fkey" FOREIGN KEY("invoiceId") REFERENCES "Invoice"("invoiceId") ON DELETE SET NULL ON UPDATE CASCADE,
	CONSTRAINT "Job_unitId_fkey" FOREIGN KEY("unitId") REFERENCES "Unit"("unitId") ON DELETE SET NULL ON UPDATE CASCADE,
	PRIMARY KEY("jobId")
);
CREATE TABLE IF NOT EXISTS "JobType" (
	"jobTypeId"	TEXT NOT NULL,
	"title"	TEXT NOT NULL,
	"startLocation"	TEXT,
	"endLocation"	TEXT,
	"dispatchType"	TEXT NOT NULL,
	"rateOfJob"	REAL NOT NULL,
	"companyId"	TEXT,
	"createdAt"	DATETIME NOT NULL DEFAULT CURRENT_TIMESTAMP,
	"updatedAt"	DATETIME NOT NULL,
	CONSTRAINT "JobType_companyId_fkey" FOREIGN KEY("companyId") REFERENCES "Company"("companyId") ON DELETE SET NULL ON UPDATE CASCADE,
	PRIMARY KEY("jobTypeId")
);
INSERT INTO "_prisma_migrations" ("id","checksum","finished_at","migration_name","logs","rolled_back_at","started_at","applied_steps_count") VALUES ('b3e0280c-f2f6-40a7-a2e3-970c2494e26f','31f0734355a09f86b31032d28ac3be86fddf22678c173651ecfa63d730884701',1747263559373,'20250504083630_init',NULL,NULL,1747263559242,1);
INSERT INTO "_prisma_migrations" ("id","checksum","finished_at","migration_name","logs","rolled_back_at","started_at","applied_steps_count") VALUES ('fb9006a0-2906-4a74-bea6-fa2985f45ee7','1892c72ecb8f4a28f5d964b6f4db877a5bcbee62ea01cf11a4ef628d5825f018',1747263559428,'20250504084856_add_unit_plate_color_vin',NULL,NULL,1747263559381,1);
INSERT INTO "_prisma_migrations" ("id","checksum","finished_at","migration_name","logs","rolled_back_at","started_at","applied_steps_count") VALUES ('4032518a-392b-4469-8eee-29b4406d91a7','70ebebe265c920001d6c325e703e8d7ec75a8be1b00936c38e74965c0a82d701',1747263559468,'20250510042016_add_start_end_time_to_job',NULL,NULL,1747263559436,1);
INSERT INTO "_prisma_migrations" ("id","checksum","finished_at","migration_name","logs","rolled_back_at","started_at","applied_steps_count") VALUES ('98b83e88-ebe0-41f8-99ff-467cccb0b8ea','74ed9855126c308dd94090855989d36a0f48d0a00d0da125a58a482d4e171dc3',1747263559517,'20250510042717_add_start_end_time_to_job',NULL,NULL,1747263559476,1);
INSERT INTO "_prisma_migrations" ("id","checksum","finished_at","migration_name","logs","rolled_back_at","started_at","applied_steps_count") VALUES ('578d5657-ee5b-472a-afa8-e6ffebea6ce3','3d333198729026be76e79b866f9b42ca5c7f9fd3d29304010abb93c0b6dcbd24',1747263559566,'20250510141647_remove_job_name',NULL,NULL,1747263559525,1);
INSERT INTO "_prisma_migrations" ("id","checksum","finished_at","migration_name","logs","rolled_back_at","started_at","applied_steps_count") VALUES ('027fa2b0-ffbd-47ec-a5e6-7caf8d7eee74','7a4bb41244919b61112ee14a6635a895a129aad855897be950cf4c37b35898cd',1747263592271,'20250514225952_add_ticket_ids_to_job',NULL,NULL,1747263592190,1);
INSERT INTO "Company" ("companyId","name","description","email","phone","createdAt","updatedAt") VALUES ('9a90fa68-d1ad-434b-843b-e6762b182499','214 Carson Co.',NULL,NULL,NULL,1745680286482,1745680286482);
INSERT INTO "Company" ("companyId","name","description","email","phone","createdAt","updatedAt") VALUES ('983e3aee-ddfb-402e-9b5a-6ca9e0b88b8f','Blythedale',NULL,NULL,NULL,1745845370911,1745845370911);
INSERT INTO "Company" ("companyId","name","description","email","phone","createdAt","updatedAt") VALUES ('09f258c4-aa5c-4324-bc90-fca3c0d61b5c','VP Top Soil',NULL,NULL,NULL,1745846229303,1745846229303);
INSERT INTO "Company" ("companyId","name","description","email","phone","createdAt","updatedAt") VALUES ('6781156e-20ee-4a26-b878-0a60e43dc950','VanBree',NULL,NULL,NULL,1745847368350,1745848943622);
INSERT INTO "Company" ("companyId","name","description","email","phone","createdAt","updatedAt") VALUES ('89d31846-e100-491f-b943-c48aacb6c9c6','Clintar',NULL,NULL,NULL,1745848949358,1745848949358);
INSERT INTO "Company" ("companyId","name","description","email","phone","createdAt","updatedAt") VALUES ('86fccc4a-db8e-455d-8bc2-a61a338c7d99','Elgin Construction',NULL,NULL,NULL,1745849545332,1745849545332);
INSERT INTO "Company" ("companyId","name","description","email","phone","createdAt","updatedAt") VALUES ('430c3ba2-9dae-499e-9990-cd06c1ad90d4','Sturdy''s',NULL,NULL,NULL,1745849565257,1745849565257);
INSERT INTO "Company" ("companyId","name","description","email","phone","createdAt","updatedAt") VALUES ('b565a573-8c24-4d8c-9b8e-771de54413ac','R. Russel Construction',NULL,NULL,NULL,1745849582135,1745849582135);
INSERT INTO "Company" ("companyId","name","description","email","phone","createdAt","updatedAt") VALUES ('dc6b8dbd-ea32-4a8a-a034-0faefcb5b66d','ASG Excavating',NULL,NULL,NULL,1745849592418,1745849592418);
INSERT INTO "Company" ("companyId","name","description","email","phone","createdAt","updatedAt") VALUES ('b8d372df-a33b-4384-ade8-923bd08029e1','VBI',NULL,NULL,NULL,1745849624571,1745849624571);
INSERT INTO "Company" ("companyId","name","description","email","phone","createdAt","updatedAt") VALUES ('3c14a0e0-7b55-4c6c-845b-909ac1a7a28f','Lifted',NULL,NULL,NULL,1745849655189,1745849655189);
INSERT INTO "Company" ("companyId","name","description","email","phone","createdAt","updatedAt") VALUES ('d537a850-b319-4127-9adc-c7f3dba84025','Edward & Sons',NULL,NULL,NULL,1745849670006,1745849670006);
INSERT INTO "Company" ("companyId","name","description","email","phone","createdAt","updatedAt") VALUES ('163324e6-99b3-4438-af2c-6b882a235870','Armstrong Construction',NULL,NULL,NULL,1746101775314,1746101775314);
INSERT INTO "Company" ("companyId","name","description","email","phone","createdAt","updatedAt") VALUES ('67fc5e77-adbc-4f47-a6c5-e2154389783f','Stubbe''s',NULL,NULL,NULL,1746101819876,1746101819876);
INSERT INTO "Company" ("companyId","name","description","email","phone","createdAt","updatedAt") VALUES ('d3fade0c-7f73-4982-8b05-2fbd8e16aa6b','GHN',NULL,NULL,NULL,1746626584008,1746626584008);
INSERT INTO "Company" ("companyId","name","description","email","phone","createdAt","updatedAt") VALUES ('bd099024-f21d-4f09-9044-8deec886eb63','Aarcon Construction','','unknown@gmail.com','',1747249622348,1747249622348);
INSERT INTO "Company" ("companyId","name","description","email","phone","createdAt","updatedAt") VALUES ('4faee77b-d35e-498d-8690-f58a09a2934c','Tridon','','unknown@gmail.com','',1747250051970,1747250051970);
INSERT INTO "Company" ("companyId","name","description","email","phone","createdAt","updatedAt") VALUES ('9e111ebf-16c6-40c9-8163-d43502074910','Drewlo','','unknown@gmail.com','',1747250500552,1747250500552);
INSERT INTO "Company" ("companyId","name","description","email","phone","createdAt","updatedAt") VALUES ('51e47c1c-bae9-43a7-9ee9-80590ff3759f','Birnam','','invoicing@birnam.ca','5198283449',1747253132609,1747253132609);
INSERT INTO "Dispatcher" ("dispatcherId","name","description","email","phone","commissionPercent","createdAt","updatedAt") VALUES ('56fcaea5-ebc4-4bda-8904-8a3b785c356d','Farmers Pride Haulage','','info@farmerspride.ca','+1 (519) 872-2770',5.0,1745678113669,1747246897681);
INSERT INTO "Dispatcher" ("dispatcherId","name","description","email","phone","commissionPercent","createdAt","updatedAt") VALUES ('e9563ca9-66ef-4fb1-88c9-0dccb25f9e19','Wroom Inc.',NULL,'wroomlogistics@gmail.com','+1 (226) 448-3227',5.0,1745678174170,1746221956521);
INSERT INTO "Dispatcher" ("dispatcherId","name","description","email","phone","commissionPercent","createdAt","updatedAt") VALUES ('bba40f44-2ccc-4396-8cd2-e1a118ed6463','Lucy''s',NULL,'lucystrucking@hotmail.com',NULL,0.0,1745678204919,1746221958824);
INSERT INTO "Dispatcher" ("dispatcherId","name","description","email","phone","commissionPercent","createdAt","updatedAt") VALUES ('8b5d40c9-c01b-4a2d-b658-500b401517f9','GCT Incorporation','114 Havelock Dr. Brampton, Ontario L6W 6E3','accounting@gctinc.co','+1 (437) 996-3585',0.0,1745841215741,1745841215741);
INSERT INTO "Dispatcher" ("dispatcherId","name","description","email","phone","commissionPercent","createdAt","updatedAt") VALUES ('b0c14596-9ddc-4a75-93ac-2a9eaca56c05','VehCAN Logistics','','vehcanlogistics@gmail.com','5198595135',5.0,1747250337131,1747250657761);
INSERT INTO "Driver" ("driverId","name","description","email","phone","hourlyRate","createdAt","updatedAt") VALUES ('dca9d5ba-a64a-4809-9f64-3e07751cb881','Amritinder Cheema',NULL,'amritindercheema@gmail.com','+1 (226) 700-5268',30.0,1745678239698,1745678239698);
INSERT INTO "Driver" ("driverId","name","description","email","phone","hourlyRate","createdAt","updatedAt") VALUES ('2784f384-7d36-477b-8631-7d543a15fd5b','Gurjot',NULL,'gjsagu@gmail.com','+1 (416) 986-7367',29.38,1745678284278,1745678284278);
INSERT INTO "Driver" ("driverId","name","description","email","phone","hourlyRate","createdAt","updatedAt") VALUES ('9a9d7bec-7a98-48c2-b77b-2e86b5495f28','Karan Arora',NULL,'karanarora9212110@gmail.com','+1 (226) 385-8799',28.0,1745678328018,1745845697302);
INSERT INTO "Driver" ("driverId","name","description","email","phone","hourlyRate","createdAt","updatedAt") VALUES ('783894b0-400d-4300-8348-e6e8205b90b3','Steve','Steve - Wroom','stevealf@hotmail.com',NULL,26.0,1745678402743,1745678402743);
INSERT INTO "Driver" ("driverId","name","description","email","phone","hourlyRate","createdAt","updatedAt") VALUES ('d7b6e7dc-680d-4d32-8b98-cd7c5266b947','Gurpreet Bhullar',NULL,'bhullar_gurpeet@outlook.com',NULL,28.0,1745845690856,1745845690856);
INSERT INTO "Driver" ("driverId","name","description","email","phone","hourlyRate","createdAt","updatedAt") VALUES ('2a49189f-2281-493f-9350-0f0c754761d8','Rajbir (BKT)',NULL,'rajbir@bkt.com',NULL,26.0,1745847698388,1745847698388);
INSERT INTO "Unit" ("unitId","name","description","createdAt","updatedAt","color","plateNumber","vin") VALUES ('6d93ea05-d0b1-4361-b89e-0d7a77a900cc','Unit 51','International HX620 - White',1745846229303,1745846229303,'White',NULL,NULL);
INSERT INTO "Unit" ("unitId","name","description","createdAt","updatedAt","color","plateNumber","vin") VALUES ('d8c0a938-f2e4-4ae3-a8cc-a0b2b666e4e1','Unit 52','Volvo VHD - Red',1745846229303,1745846229303,'Red','',NULL);
INSERT INTO "Unit" ("unitId","name","description","createdAt","updatedAt","color","plateNumber","vin") VALUES ('dccc00e0-ea39-4f4f-b57d-9ffb67bfb81c','Unit 402 (BKT)','',1745846229303,1745846229303,NULL,NULL,NULL);
INSERT INTO "Invoice" ("invoiceId","dispatcherId","invoiceNumber","invoiceDate","status","subTotal","dispatchPercent","commission","hst","total","billedTo","billedEmail","createdAt","updatedAt") VALUES ('133ac08f-6abd-4499-83a4-1a7e85b45468','56fcaea5-ebc4-4bda-8904-8a3b785c356d','INV-FPH-51-250201-250228',1746230400000,'''pending''',3715.36,5.0,185.768,507.14664,4408.27464,'Farmers Pride Haulage','info@farmerspride.ca',1745678204919,1747271243618);
INSERT INTO "Invoice" ("invoiceId","dispatcherId","invoiceNumber","invoiceDate","status","subTotal","dispatchPercent","commission","hst","total","billedTo","billedEmail","createdAt","updatedAt") VALUES ('8c8aa036-f618-44ce-9b71-c213b306f935','e9563ca9-66ef-4fb1-88c9-0dccb25f9e19','INV-WI-51-250201-250228',1746286800000,'''Pending''',1516.0,5.0,NULL,197.08,1637.28,'Wroom Inc.','accounting@farmerspride.ca',1745678204919,1745678204919);
INSERT INTO "Invoice" ("invoiceId","dispatcherId","invoiceNumber","invoiceDate","status","subTotal","dispatchPercent","commission","hst","total","billedTo","billedEmail","createdAt","updatedAt") VALUES ('e3090925-d7a2-48ef-8ec4-88e683c1b36a','56fcaea5-ebc4-4bda-8904-8a3b785c356d','INV-FPH-52-250201-250228',1746230400000,'''pending''',3633.17,5.0,181.6585,495.927705,4310.756205,'Farmers Pride Haulage','info@farmerspride.ca',1745678204919,1747266333727);
INSERT INTO "Invoice" ("invoiceId","dispatcherId","invoiceNumber","invoiceDate","status","subTotal","dispatchPercent","commission","hst","total","billedTo","billedEmail","createdAt","updatedAt") VALUES ('69074fca-bfc6-4d14-83ae-53890e6a4b12','e9563ca9-66ef-4fb1-88c9-0dccb25f9e19','INV-WI-52-250201-250228',1746286800000,'''Pending''',2351.25,5.0,NULL,305.6625,2539.35,'Wroom Inc.','accounting@farmerspride.ca',1745678204919,1745678204919);
INSERT INTO "Invoice" ("invoiceId","dispatcherId","invoiceNumber","invoiceDate","status","subTotal","dispatchPercent","commission","hst","total","billedTo","billedEmail","createdAt","updatedAt") VALUES ('ad9be58c-f929-4bfc-95b2-8cb7d025e25f','e9563ca9-66ef-4fb1-88c9-0dccb25f9e19','INV-WI-402-250201-250228',1746286800000,'''Pending''',790.16,5.0,NULL,102.7208,853.3728,'Wroom Inc.','accounting@farmerspride.ca',1745678204919,1745678204919);
INSERT INTO "Invoice" ("invoiceId","dispatcherId","invoiceNumber","invoiceDate","status","subTotal","dispatchPercent","commission","hst","total","billedTo","billedEmail","createdAt","updatedAt") VALUES ('bd41cf45-6eff-4412-989e-2242aaf5f384','56fcaea5-ebc4-4bda-8904-8a3b785c356d','INV-FPH-52-250101-250131',1746230400000,'''pending''',8630.4975,5.0,431.524875,1178.06290875,10240.08528375,'Farmers Pride Haulage','info@farmerspride.ca',1745678204919,1747265959308);
INSERT INTO "Invoice" ("invoiceId","dispatcherId","invoiceNumber","invoiceDate","status","subTotal","dispatchPercent","commission","hst","total","billedTo","billedEmail","createdAt","updatedAt") VALUES ('2ff80652-c0e1-498a-bc61-db5287392530','56fcaea5-ebc4-4bda-8904-8a3b785c356d','INV-FPH-MUL-241003-250325',1743897600000,'''pending''',2822.31,5.0,141.1155,385.245315,3348.670815,'Farmers Pride Haulage','info@farmerspride.ca',1745678204919,1747270726084);
INSERT INTO "Invoice" ("invoiceId","dispatcherId","invoiceNumber","invoiceDate","status","subTotal","dispatchPercent","commission","hst","total","billedTo","billedEmail","createdAt","updatedAt") VALUES ('d8cadbf6-231b-46eb-9c70-6bc9dd638aff','e9563ca9-66ef-4fb1-88c9-0dccb25f9e19','INV-WI-52-250402-250403',1743921600000,'''Pending''',2028.75,5.0,NULL,263.7375,2191.05,'Wroom Inc.','accounting@farmerspride.ca',1745678204919,1745678204919);
INSERT INTO "Invoice" ("invoiceId","dispatcherId","invoiceNumber","invoiceDate","status","subTotal","dispatchPercent","commission","hst","total","billedTo","billedEmail","createdAt","updatedAt") VALUES ('c4e1296d-30a8-4103-9b57-f24927b955cb','bba40f44-2ccc-4396-8cd2-e1a118ed6463','INV-L-MUL-250218-250219',1740355200000,'Pending',-1887.0,0.0,0.0,-245.31,-2132.31,'Lucy''s','lucystrucking@hotmail.com',1747270207765,1747270207765);
INSERT INTO "InvoiceLine" ("invoiceLineId","invoiceId","jobId","lineAmount","createdAt","updatedAt") VALUES ('e8dbf80e-74f0-494e-91cf-7c67ffe03304','bd41cf45-6eff-4412-989e-2242aaf5f384','25e45228-238f-4577-9615-b350033eada5',1050.0,1747265959308,1747265959308);
INSERT INTO "InvoiceLine" ("invoiceLineId","invoiceId","jobId","lineAmount","createdAt","updatedAt") VALUES ('ace00689-1890-4fb3-8e59-f7978e9b7334','bd41cf45-6eff-4412-989e-2242aaf5f384','342bec47-23da-48fd-9e5f-2c6039d3f253',971.25,1747265959308,1747265959308);
INSERT INTO "InvoiceLine" ("invoiceLineId","invoiceId","jobId","lineAmount","createdAt","updatedAt") VALUES ('12a957a9-1a1d-4a54-8fbf-45025a42a73c','bd41cf45-6eff-4412-989e-2242aaf5f384','38d2938f-085b-4e68-9ad2-14f7ba8f0b32',754.773,1747265959308,1747265959308);
INSERT INTO "InvoiceLine" ("invoiceLineId","invoiceId","jobId","lineAmount","createdAt","updatedAt") VALUES ('70acc598-d471-4533-b241-6a892f09abf0','bd41cf45-6eff-4412-989e-2242aaf5f384','573424a0-85bb-4143-932a-1615259028a4',971.25,1747265959308,1747265959308);
INSERT INTO "InvoiceLine" ("invoiceLineId","invoiceId","jobId","lineAmount","createdAt","updatedAt") VALUES ('ed58f170-600b-4be2-81f0-7daac7d4bf0f','bd41cf45-6eff-4412-989e-2242aaf5f384','6a32919f-66f0-4e6f-9b0d-708b6a7889b3',840.0,1747265959308,1747265959308);
INSERT INTO "InvoiceLine" ("invoiceLineId","invoiceId","jobId","lineAmount","createdAt","updatedAt") VALUES ('34c3398f-ca31-4ef0-96bd-5120d41f6b4c','bd41cf45-6eff-4412-989e-2242aaf5f384','803f4227-4980-4ac5-83dd-8a92a3d8fb77',840.0,1747265959308,1747265959308);
INSERT INTO "InvoiceLine" ("invoiceLineId","invoiceId","jobId","lineAmount","createdAt","updatedAt") VALUES ('ce7dfaea-db76-4907-8a1d-0668f16e08b7','bd41cf45-6eff-4412-989e-2242aaf5f384','84037165-5f0b-42c7-b18e-586e321cd725',727.743,1747265959308,1747265959308);
INSERT INTO "InvoiceLine" ("invoiceLineId","invoiceId","jobId","lineAmount","createdAt","updatedAt") VALUES ('3f5f0625-ca09-4b43-879a-cf685e567113','bd41cf45-6eff-4412-989e-2242aaf5f384','c632fd2f-183f-4929-9cd0-37c646d8d48d',971.25,1747265959308,1747265959308);
INSERT INTO "InvoiceLine" ("invoiceLineId","invoiceId","jobId","lineAmount","createdAt","updatedAt") VALUES ('dd5cea48-1ed3-4559-aee0-bc35a0eccb1d','bd41cf45-6eff-4412-989e-2242aaf5f384','e517739d-0d75-4871-bca7-80a03d0b4dd1',0.0,1747265959308,1747265959308);
INSERT INTO "InvoiceLine" ("invoiceLineId","invoiceId","jobId","lineAmount","createdAt","updatedAt") VALUES ('742ad5e7-90bf-4303-badf-002f7a6eb51a','bd41cf45-6eff-4412-989e-2242aaf5f384','ec37898a-c622-4527-ab20-ea52aa0878e4',926.7315,1747265959308,1747265959308);
INSERT INTO "InvoiceLine" ("invoiceLineId","invoiceId","jobId","lineAmount","createdAt","updatedAt") VALUES ('68383c7e-787b-4331-9c79-84645f858ddd','bd41cf45-6eff-4412-989e-2242aaf5f384','ff0c9006-c468-4ab0-b118-ee76ea75ad27',577.5,1747265959308,1747265959308);
INSERT INTO "InvoiceLine" ("invoiceLineId","invoiceId","jobId","lineAmount","createdAt","updatedAt") VALUES ('3d48f9c8-722b-49b8-a870-b34220671ce3','e3090925-d7a2-48ef-8ec4-88e683c1b36a','68b05fcb-c504-435f-a654-b4accc2f868a',885.27,1747266333727,1747266333727);
INSERT INTO "InvoiceLine" ("invoiceLineId","invoiceId","jobId","lineAmount","createdAt","updatedAt") VALUES ('8f5fa8c9-b8d3-454a-8840-c87f49bfaac0','e3090925-d7a2-48ef-8ec4-88e683c1b36a','6f4f93eb-3296-44db-a7f3-5a357ff60c29',892.5,1747266333727,1747266333727);
INSERT INTO "InvoiceLine" ("invoiceLineId","invoiceId","jobId","lineAmount","createdAt","updatedAt") VALUES ('fa7062ea-7461-4ede-b1ae-480323d560e1','e3090925-d7a2-48ef-8ec4-88e683c1b36a','70e59179-587b-4dc4-afcd-a60af79ab77e',971.25,1747266333727,1747266333727);
INSERT INTO "InvoiceLine" ("invoiceLineId","invoiceId","jobId","lineAmount","createdAt","updatedAt") VALUES ('06a6204c-97f0-4734-8e0d-9fabef714304','e3090925-d7a2-48ef-8ec4-88e683c1b36a','89daf940-c6dd-4c8d-9031-e89aab7708ae',115.593,1747266333727,1747266333727);
INSERT INTO "InvoiceLine" ("invoiceLineId","invoiceId","jobId","lineAmount","createdAt","updatedAt") VALUES ('ccc912cf-fa0d-469d-8ef4-4ce9c5594144','e3090925-d7a2-48ef-8ec4-88e683c1b36a','a60b98c7-ff41-47a4-89a3-43845eee239c',367.5,1747266333727,1747266333727);
INSERT INTO "InvoiceLine" ("invoiceLineId","invoiceId","jobId","lineAmount","createdAt","updatedAt") VALUES ('151a0a7a-b507-4d5e-8743-a94911124328','e3090925-d7a2-48ef-8ec4-88e683c1b36a','a72b192d-31b5-4d1c-a6f1-20e68a7fe8fc',288.75,1747266333727,1747266333727);
INSERT INTO "InvoiceLine" ("invoiceLineId","invoiceId","jobId","lineAmount","createdAt","updatedAt") VALUES ('bad9198d-a38d-49f1-986e-371610445b00','e3090925-d7a2-48ef-8ec4-88e683c1b36a','fba48b5c-aefe-4257-9d26-be530af34783',112.307,1747266333727,1747266333727);
INSERT INTO "InvoiceLine" ("invoiceLineId","invoiceId","jobId","lineAmount","createdAt","updatedAt") VALUES ('a682c466-88c9-40bf-b336-5d94f30412fd','c4e1296d-30a8-4103-9b57-f24927b955cb','3efa1a7e-44cd-45e0-84d3-eb360ea3023d',-1479.0,1747270207765,1747270207765);
INSERT INTO "InvoiceLine" ("invoiceLineId","invoiceId","jobId","lineAmount","createdAt","updatedAt") VALUES ('f0adc819-a521-4efb-89c2-3fa6dadb1894','c4e1296d-30a8-4103-9b57-f24927b955cb','50b034d7-f8fd-4abe-a952-33360998c33c',0.0,1747270207765,1747270207765);
INSERT INTO "InvoiceLine" ("invoiceLineId","invoiceId","jobId","lineAmount","createdAt","updatedAt") VALUES ('cc2db363-1b29-4871-8d4c-29ad3830bfeb','c4e1296d-30a8-4103-9b57-f24927b955cb','dcbbcd49-2ed8-4d66-a3af-357cdab6c5cc',-408.0,1747270207765,1747270207765);
INSERT INTO "InvoiceLine" ("invoiceLineId","invoiceId","jobId","lineAmount","createdAt","updatedAt") VALUES ('9b8f445f-1d00-4e78-b938-043d3137a883','2ff80652-c0e1-498a-bc61-db5287392530','53ce40e9-442a-4726-a4eb-439a19b8c3af',178.398,1747270726084,1747270726084);
INSERT INTO "InvoiceLine" ("invoiceLineId","invoiceId","jobId","lineAmount","createdAt","updatedAt") VALUES ('062bd7f1-53ac-4aa9-9ede-e0dce1587759','2ff80652-c0e1-498a-bc61-db5287392530','68590550-00a8-40b7-8b89-958996655bce',840.0,1747270726084,1747270726084);
INSERT INTO "InvoiceLine" ("invoiceLineId","invoiceId","jobId","lineAmount","createdAt","updatedAt") VALUES ('a926fe83-f7b1-4f97-97c7-42fba97fb92b','2ff80652-c0e1-498a-bc61-db5287392530','6d1a3201-4e78-4b62-9b9a-df0bfa8cde75',205.1875,1747270726084,1747270726084);
INSERT INTO "InvoiceLine" ("invoiceLineId","invoiceId","jobId","lineAmount","createdAt","updatedAt") VALUES ('799611bc-c8e5-468a-8280-17eab0f59b05','2ff80652-c0e1-498a-bc61-db5287392530','8cdd9f63-b072-4252-91cb-beaa36463e95',183.7245,1747270726084,1747270726084);
INSERT INTO "InvoiceLine" ("invoiceLineId","invoiceId","jobId","lineAmount","createdAt","updatedAt") VALUES ('09c9c891-733f-4fd2-bb6c-3b55a8607d14','2ff80652-c0e1-498a-bc61-db5287392530','941e3977-513a-40f8-9079-ed9e98c8c264',1100.0,1747270726084,1747270726084);
INSERT INTO "InvoiceLine" ("invoiceLineId","invoiceId","jobId","lineAmount","createdAt","updatedAt") VALUES ('a335690c-5db3-4cd9-be92-af66abb5c087','2ff80652-c0e1-498a-bc61-db5287392530','dbeae9b6-5955-4e39-ac3f-4dbd99eb2516',315.0,1747270726084,1747270726084);
INSERT INTO "InvoiceLine" ("invoiceLineId","invoiceId","jobId","lineAmount","createdAt","updatedAt") VALUES ('ce9a87c3-f6d0-499f-a583-1e6550e4b58e','133ac08f-6abd-4499-83a4-1a7e85b45468','231a37e1-680a-4e4d-a392-5f67f54a10b4',971.25,1747271243618,1747271243618);
INSERT INTO "InvoiceLine" ("invoiceLineId","invoiceId","jobId","lineAmount","createdAt","updatedAt") VALUES ('d6b33e47-4e39-4c45-8639-8728b2b8b132','133ac08f-6abd-4499-83a4-1a7e85b45468','4f46d3c1-c0e4-4d64-b907-58cebf8e602e',918.75,1747271243618,1747271243618);
INSERT INTO "InvoiceLine" ("invoiceLineId","invoiceId","jobId","lineAmount","createdAt","updatedAt") VALUES ('8bde14f6-5675-4bee-8c21-3924f062f6b8','133ac08f-6abd-4499-83a4-1a7e85b45468','ca27312a-ec24-4589-a2a5-cb79239f7ffe',997.5,1747271243618,1747271243618);
INSERT INTO "InvoiceLine" ("invoiceLineId","invoiceId","jobId","lineAmount","createdAt","updatedAt") VALUES ('918018e6-d1b2-4639-97cf-69de67d38f71','133ac08f-6abd-4499-83a4-1a7e85b45468','cf5467a4-5c7f-40e5-8f63-cae39ac6b1de',827.86,1747271243618,1747271243618);
INSERT INTO "Job" ("jobId","jobDate","jobGrossAmount","jobTypeId","driverId","dispatcherId","unitId","invoiceId","invoiceStatus","weight","loads","startTime","endTime","ticketIds","paymentReceived","createdAt","updatedAt") VALUES ('4f46d3c1-c0e4-4d64-b907-58cebf8e602e','2025-02-04',918.75,'3cc007f2-9466-4194-9a69-f5995904caec','d7b6e7dc-680d-4d32-8b98-cd7c5266b947','56fcaea5-ebc4-4bda-8904-8a3b785c356d','6d93ea05-d0b1-4361-b89e-0d7a77a900cc','133ac08f-6abd-4499-83a4-1a7e85b45468','''pending''',NULL,0,'07:15','16:00',NULL,0,1745678204919,1747271243633);
INSERT INTO "Job" ("jobId","jobDate","jobGrossAmount","jobTypeId","driverId","dispatcherId","unitId","invoiceId","invoiceStatus","weight","loads","startTime","endTime","ticketIds","paymentReceived","createdAt","updatedAt") VALUES ('ca27312a-ec24-4589-a2a5-cb79239f7ffe','2025-02-06',997.5,'3cc007f2-9466-4194-9a69-f5995904caec','9a9d7bec-7a98-48c2-b77b-2e86b5495f28','56fcaea5-ebc4-4bda-8904-8a3b785c356d','6d93ea05-d0b1-4361-b89e-0d7a77a900cc','133ac08f-6abd-4499-83a4-1a7e85b45468','''pending''',NULL,0,'07:00','16:30',NULL,0,1745678204919,1747271243633);
INSERT INTO "Job" ("jobId","jobDate","jobGrossAmount","jobTypeId","driverId","dispatcherId","unitId","invoiceId","invoiceStatus","weight","loads","startTime","endTime","ticketIds","paymentReceived","createdAt","updatedAt") VALUES ('231a37e1-680a-4e4d-a392-5f67f54a10b4','2025-02-05',971.25,'3cc007f2-9466-4194-9a69-f5995904caec','9a9d7bec-7a98-48c2-b77b-2e86b5495f28','56fcaea5-ebc4-4bda-8904-8a3b785c356d','6d93ea05-d0b1-4361-b89e-0d7a77a900cc','133ac08f-6abd-4499-83a4-1a7e85b45468','''pending''',NULL,0,'07:15','16:30',NULL,0,1745678204919,1747271243633);
INSERT INTO "Job" ("jobId","jobDate","jobGrossAmount","jobTypeId","driverId","dispatcherId","unitId","invoiceId","invoiceStatus","weight","loads","startTime","endTime","ticketIds","paymentReceived","createdAt","updatedAt") VALUES ('39ebca1f-fc56-4fa7-8295-2950490b8822','2025-02-19',-1785.0,'1c60d4aa-2503-40b8-8d93-7cbfbfd27568','9a9d7bec-7a98-48c2-b77b-2e86b5495f28','e9563ca9-66ef-4fb1-88c9-0dccb25f9e19','6d93ea05-d0b1-4361-b89e-0d7a77a900cc','8c8aa036-f618-44ce-9b71-c213b306f935','Raised',NULL,0,'23:00','06:00',NULL,0,1745678204919,1745678204919);
INSERT INTO "Job" ("jobId","jobDate","jobGrossAmount","jobTypeId","driverId","dispatcherId","unitId","invoiceId","invoiceStatus","weight","loads","startTime","endTime","ticketIds","paymentReceived","createdAt","updatedAt") VALUES ('8d511236-8c52-4e8c-ba00-f26acfe3eebe','2025-02-12',824.0,'6fd11450-8592-48f1-b058-1b19918db359','783894b0-400d-4300-8348-e6e8205b90b3','e9563ca9-66ef-4fb1-88c9-0dccb25f9e19','6d93ea05-d0b1-4361-b89e-0d7a77a900cc','8c8aa036-f618-44ce-9b71-c213b306f935','Raised',NULL,0,'08:00','16:00',NULL,0,1745678204919,1745678204919);
INSERT INTO "Job" ("jobId","jobDate","jobGrossAmount","jobTypeId","driverId","dispatcherId","unitId","invoiceId","invoiceStatus","weight","loads","startTime","endTime","ticketIds","paymentReceived","createdAt","updatedAt") VALUES ('cf5467a4-5c7f-40e5-8f63-cae39ac6b1de','2025-02-20',827.86,'ccdc6e7d-49b0-4d84-a3ea-ab7d36c5d965','2784f384-7d36-477b-8631-7d543a15fd5b','56fcaea5-ebc4-4bda-8904-8a3b785c356d','6d93ea05-d0b1-4361-b89e-0d7a77a900cc','133ac08f-6abd-4499-83a4-1a7e85b45468','''pending''','["22.7","22.6","22.2","22.6","22.9","22.1","21.1"]',0,NULL,NULL,NULL,0,1745678204919,1747271243633);
INSERT INTO "Job" ("jobId","jobDate","jobGrossAmount","jobTypeId","driverId","dispatcherId","unitId","invoiceId","invoiceStatus","weight","loads","startTime","endTime","ticketIds","paymentReceived","createdAt","updatedAt") VALUES ('dcbbcd49-2ed8-4d66-a3af-357cdab6c5cc','2025-02-19',-408.0,'01a2986b-f9a3-4d45-b9cd-7bb5a3d40a70','2a49189f-2281-493f-9350-0f0c754761d8','bba40f44-2ccc-4396-8cd2-e1a118ed6463','dccc00e0-ea39-4f4f-b57d-9ffb67bfb81c','c4e1296d-30a8-4103-9b57-f24927b955cb','Invoiced',NULL,0,'22:00','18:00',NULL,1,1745678204919,1747270260544);
INSERT INTO "Job" ("jobId","jobDate","jobGrossAmount","jobTypeId","driverId","dispatcherId","unitId","invoiceId","invoiceStatus","weight","loads","startTime","endTime","ticketIds","paymentReceived","createdAt","updatedAt") VALUES ('84037165-5f0b-42c7-b18e-586e321cd725','2025-01-07',727.743,'fdd6cf0c-5ac9-4df1-963b-7969aa5d444b','dca9d5ba-a64a-4809-9f64-3e07751cb881','56fcaea5-ebc4-4bda-8904-8a3b785c356d','d8c0a938-f2e4-4ae3-a8cc-a0b2b666e4e1','bd41cf45-6eff-4412-989e-2242aaf5f384','''pending''','[23.97,20.56,23.04,23.97]',0,NULL,NULL,NULL,0,1745678204919,1747265959322);
INSERT INTO "Job" ("jobId","jobDate","jobGrossAmount","jobTypeId","driverId","dispatcherId","unitId","invoiceId","invoiceStatus","weight","loads","startTime","endTime","ticketIds","paymentReceived","createdAt","updatedAt") VALUES ('38d2938f-085b-4e68-9ad2-14f7ba8f0b32','2025-01-08',754.773,'fdd6cf0c-5ac9-4df1-963b-7969aa5d444b','dca9d5ba-a64a-4809-9f64-3e07751cb881','56fcaea5-ebc4-4bda-8904-8a3b785c356d','d8c0a938-f2e4-4ae3-a8cc-a0b2b666e4e1','bd41cf45-6eff-4412-989e-2242aaf5f384','''pending''','[25.45,23.05,23.19,23.25]',0,NULL,NULL,NULL,0,1745678204919,1747265959322);
INSERT INTO "Job" ("jobId","jobDate","jobGrossAmount","jobTypeId","driverId","dispatcherId","unitId","invoiceId","invoiceStatus","weight","loads","startTime","endTime","ticketIds","paymentReceived","createdAt","updatedAt") VALUES ('ec37898a-c622-4527-ab20-ea52aa0878e4','2025-01-09',926.7315,'fdd6cf0c-5ac9-4df1-963b-7969aa5d444b','dca9d5ba-a64a-4809-9f64-3e07751cb881','56fcaea5-ebc4-4bda-8904-8a3b785c356d','d8c0a938-f2e4-4ae3-a8cc-a0b2b666e4e1','bd41cf45-6eff-4412-989e-2242aaf5f384','''pending''','[22.65,23.82,23.13,23.37,23.6]',0,NULL,NULL,NULL,0,1745678204919,1747265959322);
INSERT INTO "Job" ("jobId","jobDate","jobGrossAmount","jobTypeId","driverId","dispatcherId","unitId","invoiceId","invoiceStatus","weight","loads","startTime","endTime","ticketIds","paymentReceived","createdAt","updatedAt") VALUES ('6a32919f-66f0-4e6f-9b0d-708b6a7889b3','2025-01-10',840.0,'679fa8c3-2020-4e08-87b4-1284aaf2d9dd','dca9d5ba-a64a-4809-9f64-3e07751cb881','56fcaea5-ebc4-4bda-8904-8a3b785c356d','d8c0a938-f2e4-4ae3-a8cc-a0b2b666e4e1','bd41cf45-6eff-4412-989e-2242aaf5f384','''pending''',NULL,0,'07:15','15:15',NULL,0,1745678204919,1747265959322);
INSERT INTO "Job" ("jobId","jobDate","jobGrossAmount","jobTypeId","driverId","dispatcherId","unitId","invoiceId","invoiceStatus","weight","loads","startTime","endTime","ticketIds","paymentReceived","createdAt","updatedAt") VALUES ('c632fd2f-183f-4929-9cd0-37c646d8d48d','2025-01-13',971.25,'679fa8c3-2020-4e08-87b4-1284aaf2d9dd','dca9d5ba-a64a-4809-9f64-3e07751cb881','56fcaea5-ebc4-4bda-8904-8a3b785c356d','d8c0a938-f2e4-4ae3-a8cc-a0b2b666e4e1','bd41cf45-6eff-4412-989e-2242aaf5f384','''pending''',NULL,0,'07:30','16:45',NULL,0,1745678204919,1747265959322);
INSERT INTO "Job" ("jobId","jobDate","jobGrossAmount","jobTypeId","driverId","dispatcherId","unitId","invoiceId","invoiceStatus","weight","loads","startTime","endTime","ticketIds","paymentReceived","createdAt","updatedAt") VALUES ('25e45228-238f-4577-9615-b350033eada5','2025-01-14',1050.0,'679fa8c3-2020-4e08-87b4-1284aaf2d9dd','dca9d5ba-a64a-4809-9f64-3e07751cb881','56fcaea5-ebc4-4bda-8904-8a3b785c356d','d8c0a938-f2e4-4ae3-a8cc-a0b2b666e4e1','bd41cf45-6eff-4412-989e-2242aaf5f384','''pending''',NULL,0,'07:15','17:15',NULL,0,1745678204919,1747265959322);
INSERT INTO "Job" ("jobId","jobDate","jobGrossAmount","jobTypeId","driverId","dispatcherId","unitId","invoiceId","invoiceStatus","weight","loads","startTime","endTime","ticketIds","paymentReceived","createdAt","updatedAt") VALUES ('573424a0-85bb-4143-932a-1615259028a4','2025-01-15',971.25,'9c99f05a-76ff-431e-9496-5e9c0893afbc','dca9d5ba-a64a-4809-9f64-3e07751cb881','56fcaea5-ebc4-4bda-8904-8a3b785c356d','d8c0a938-f2e4-4ae3-a8cc-a0b2b666e4e1','bd41cf45-6eff-4412-989e-2242aaf5f384','''pending''',NULL,0,'08:00','17:15',NULL,0,1745678204919,1747265959322);
INSERT INTO "Job" ("jobId","jobDate","jobGrossAmount","jobTypeId","driverId","dispatcherId","unitId","invoiceId","invoiceStatus","weight","loads","startTime","endTime","ticketIds","paymentReceived","createdAt","updatedAt") VALUES ('803f4227-4980-4ac5-83dd-8a92a3d8fb77','2025-01-16',840.0,'cfec20b9-8e0f-4103-9037-83d101f2b5ed','dca9d5ba-a64a-4809-9f64-3e07751cb881','56fcaea5-ebc4-4bda-8904-8a3b785c356d','d8c0a938-f2e4-4ae3-a8cc-a0b2b666e4e1','bd41cf45-6eff-4412-989e-2242aaf5f384','''pending''',NULL,0,'07:45','15:45',NULL,0,1745678204919,1747265959322);
INSERT INTO "Job" ("jobId","jobDate","jobGrossAmount","jobTypeId","driverId","dispatcherId","unitId","invoiceId","invoiceStatus","weight","loads","startTime","endTime","ticketIds","paymentReceived","createdAt","updatedAt") VALUES ('e517739d-0d75-4871-bca7-80a03d0b4dd1','2025-01-17',0.0,'a423eca3-0b12-4b2f-9896-5912df4dae6d','dca9d5ba-a64a-4809-9f64-3e07751cb881','56fcaea5-ebc4-4bda-8904-8a3b785c356d','d8c0a938-f2e4-4ae3-a8cc-a0b2b666e4e1','bd41cf45-6eff-4412-989e-2242aaf5f384','''pending''',NULL,0,'08:00','16:30',NULL,0,1745678204919,1747265959322);
INSERT INTO "Job" ("jobId","jobDate","jobGrossAmount","jobTypeId","driverId","dispatcherId","unitId","invoiceId","invoiceStatus","weight","loads","startTime","endTime","ticketIds","paymentReceived","createdAt","updatedAt") VALUES ('342bec47-23da-48fd-9e5f-2c6039d3f253','2025-01-24',971.25,'1aec0b25-022a-4757-a874-09bb4d7ed045','dca9d5ba-a64a-4809-9f64-3e07751cb881','56fcaea5-ebc4-4bda-8904-8a3b785c356d','d8c0a938-f2e4-4ae3-a8cc-a0b2b666e4e1','bd41cf45-6eff-4412-989e-2242aaf5f384','''pending''',NULL,0,'07:00','16:15',NULL,0,1745678204919,1747265959322);
INSERT INTO "Job" ("jobId","jobDate","jobGrossAmount","jobTypeId","driverId","dispatcherId","unitId","invoiceId","invoiceStatus","weight","loads","startTime","endTime","ticketIds","paymentReceived","createdAt","updatedAt") VALUES ('53ce40e9-442a-4726-a4eb-439a19b8c3af','2025-01-27',178.398,'03ba071f-5071-4aa1-9bfa-59f09a4f3443','dca9d5ba-a64a-4809-9f64-3e07751cb881','56fcaea5-ebc4-4bda-8904-8a3b785c356d','d8c0a938-f2e4-4ae3-a8cc-a0b2b666e4e1','2ff80652-c0e1-498a-bc61-db5287392530','''pending''','[22.44,22.62,22.12]',0,'07:00','13:00',NULL,0,1745678204919,1747270726099);
INSERT INTO "Job" ("jobId","jobDate","jobGrossAmount","jobTypeId","driverId","dispatcherId","unitId","invoiceId","invoiceStatus","weight","loads","startTime","endTime","ticketIds","paymentReceived","createdAt","updatedAt") VALUES ('ff0c9006-c468-4ab0-b118-ee76ea75ad27','2025-01-27',577.5,'2b10896d-514c-4b99-99cf-05a9dc0a11e3','dca9d5ba-a64a-4809-9f64-3e07751cb881','56fcaea5-ebc4-4bda-8904-8a3b785c356d','d8c0a938-f2e4-4ae3-a8cc-a0b2b666e4e1','bd41cf45-6eff-4412-989e-2242aaf5f384','''pending''',NULL,0,'11:00','16:30',NULL,0,1745678204919,1747265959322);
INSERT INTO "Job" ("jobId","jobDate","jobGrossAmount","jobTypeId","driverId","dispatcherId","unitId","invoiceId","invoiceStatus","weight","loads","startTime","endTime","ticketIds","paymentReceived","createdAt","updatedAt") VALUES ('6f4f93eb-3296-44db-a7f3-5a357ff60c29','2025-02-04',892.5,'3cc007f2-9466-4194-9a69-f5995904caec','dca9d5ba-a64a-4809-9f64-3e07751cb881','56fcaea5-ebc4-4bda-8904-8a3b785c356d','d8c0a938-f2e4-4ae3-a8cc-a0b2b666e4e1','e3090925-d7a2-48ef-8ec4-88e683c1b36a','''pending''',NULL,0,'07:30','16:00',NULL,0,1745678204919,1747266333737);
INSERT INTO "Job" ("jobId","jobDate","jobGrossAmount","jobTypeId","driverId","dispatcherId","unitId","invoiceId","invoiceStatus","weight","loads","startTime","endTime","ticketIds","paymentReceived","createdAt","updatedAt") VALUES ('70e59179-587b-4dc4-afcd-a60af79ab77e','2025-02-05',971.25,'8ce2ddcd-d21e-4f99-8ada-6906bf4e33bc','dca9d5ba-a64a-4809-9f64-3e07751cb881','56fcaea5-ebc4-4bda-8904-8a3b785c356d','d8c0a938-f2e4-4ae3-a8cc-a0b2b666e4e1','e3090925-d7a2-48ef-8ec4-88e683c1b36a','''pending''',NULL,0,'07:30','16:45',NULL,0,1745678204919,1747266333737);
INSERT INTO "Job" ("jobId","jobDate","jobGrossAmount","jobTypeId","driverId","dispatcherId","unitId","invoiceId","invoiceStatus","weight","loads","startTime","endTime","ticketIds","paymentReceived","createdAt","updatedAt") VALUES ('10e02a45-f894-435a-b5b3-622f16985a7c','2025-02-06',997.5,'3cc007f2-9466-4194-9a69-f5995904caec','dca9d5ba-a64a-4809-9f64-3e07751cb881','56fcaea5-ebc4-4bda-8904-8a3b785c356d','d8c0a938-f2e4-4ae3-a8cc-a0b2b666e4e1',NULL,'''pending''',NULL,0,'07:00','16:30',NULL,0,1745678204919,1747270817047);
INSERT INTO "Job" ("jobId","jobDate","jobGrossAmount","jobTypeId","driverId","dispatcherId","unitId","invoiceId","invoiceStatus","weight","loads","startTime","endTime","ticketIds","paymentReceived","createdAt","updatedAt") VALUES ('68b05fcb-c504-435f-a654-b4accc2f868a','2025-02-10',885.27,'985f9325-b608-4cad-aa6a-ac26789cd602','dca9d5ba-a64a-4809-9f64-3e07751cb881','56fcaea5-ebc4-4bda-8904-8a3b785c356d','d8c0a938-f2e4-4ae3-a8cc-a0b2b666e4e1','e3090925-d7a2-48ef-8ec4-88e683c1b36a','''pending''','["22","22.1","22.4","21.86","21.6","22.17"]',0,NULL,NULL,NULL,0,1745678204919,1747266333737);
INSERT INTO "Job" ("jobId","jobDate","jobGrossAmount","jobTypeId","driverId","dispatcherId","unitId","invoiceId","invoiceStatus","weight","loads","startTime","endTime","ticketIds","paymentReceived","createdAt","updatedAt") VALUES ('a60b98c7-ff41-47a4-89a3-43845eee239c','2025-02-12',367.5,'11388c39-b908-4302-8058-8e0ec82cef0a','2784f384-7d36-477b-8631-7d543a15fd5b','56fcaea5-ebc4-4bda-8904-8a3b785c356d','d8c0a938-f2e4-4ae3-a8cc-a0b2b666e4e1','e3090925-d7a2-48ef-8ec4-88e683c1b36a','''pending''',NULL,0,'08:00','11:30',NULL,0,1745678204919,1747266333737);
INSERT INTO "Job" ("jobId","jobDate","jobGrossAmount","jobTypeId","driverId","dispatcherId","unitId","invoiceId","invoiceStatus","weight","loads","startTime","endTime","ticketIds","paymentReceived","createdAt","updatedAt") VALUES ('a72b192d-31b5-4d1c-a6f1-20e68a7fe8fc','2025-02-12',288.75,'cfec20b9-8e0f-4103-9037-83d101f2b5ed','2784f384-7d36-477b-8631-7d543a15fd5b','56fcaea5-ebc4-4bda-8904-8a3b785c356d','d8c0a938-f2e4-4ae3-a8cc-a0b2b666e4e1','e3090925-d7a2-48ef-8ec4-88e683c1b36a','''pending''',NULL,0,'12:00','14:45',NULL,0,1745678204919,1747266333737);
INSERT INTO "Job" ("jobId","jobDate","jobGrossAmount","jobTypeId","driverId","dispatcherId","unitId","invoiceId","invoiceStatus","weight","loads","startTime","endTime","ticketIds","paymentReceived","createdAt","updatedAt") VALUES ('3efa1a7e-44cd-45e0-84d3-eb360ea3023d','2025-02-19',-1479.0,'01a2986b-f9a3-4d45-b9cd-7bb5a3d40a70','dca9d5ba-a64a-4809-9f64-3e07751cb881','bba40f44-2ccc-4396-8cd2-e1a118ed6463','d8c0a938-f2e4-4ae3-a8cc-a0b2b666e4e1','c4e1296d-30a8-4103-9b57-f24927b955cb','Invoiced',NULL,0,'22:00','07:30',NULL,1,1745678204919,1747270246887);
INSERT INTO "Job" ("jobId","jobDate","jobGrossAmount","jobTypeId","driverId","dispatcherId","unitId","invoiceId","invoiceStatus","weight","loads","startTime","endTime","ticketIds","paymentReceived","createdAt","updatedAt") VALUES ('91718d2a-20a4-4d8c-b76a-00403354e213','2025-02-20',0.0,'b7912ad5-6ed4-45d3-80d9-f6314298264e','783894b0-400d-4300-8348-e6e8205b90b3','e9563ca9-66ef-4fb1-88c9-0dccb25f9e19','d8c0a938-f2e4-4ae3-a8cc-a0b2b666e4e1','69074fca-bfc6-4d14-83ae-53890e6a4b12','Raised',NULL,0,'10:00','13:00',NULL,0,1745678204919,1745678204919);
INSERT INTO "Job" ("jobId","jobDate","jobGrossAmount","jobTypeId","driverId","dispatcherId","unitId","invoiceId","invoiceStatus","weight","loads","startTime","endTime","ticketIds","paymentReceived","createdAt","updatedAt") VALUES ('ec1970b3-a6f0-4d0c-8bba-5793615cab78','2025-02-21',-1875.0,'0b34b586-82a3-4bc2-98f0-a2a8aaca2fab','dca9d5ba-a64a-4809-9f64-3e07751cb881','e9563ca9-66ef-4fb1-88c9-0dccb25f9e19','d8c0a938-f2e4-4ae3-a8cc-a0b2b666e4e1','69074fca-bfc6-4d14-83ae-53890e6a4b12','Raised',NULL,0,'22:15','03:30',NULL,0,1745678204919,1745678204919);
INSERT INTO "Job" ("jobId","jobDate","jobGrossAmount","jobTypeId","driverId","dispatcherId","unitId","invoiceId","invoiceStatus","weight","loads","startTime","endTime","ticketIds","paymentReceived","createdAt","updatedAt") VALUES ('50b034d7-f8fd-4abe-a952-33360998c33c','2025-02-20',0.0,'f5cd9903-8cd3-45da-8eb2-715d56459e0d','dca9d5ba-a64a-4809-9f64-3e07751cb881','bba40f44-2ccc-4396-8cd2-e1a118ed6463','d8c0a938-f2e4-4ae3-a8cc-a0b2b666e4e1','c4e1296d-30a8-4103-9b57-f24927b955cb','Invoiced',NULL,0,'22:00','04:00',NULL,1,1745678204919,1747270249174);
INSERT INTO "Job" ("jobId","jobDate","jobGrossAmount","jobTypeId","driverId","dispatcherId","unitId","invoiceId","invoiceStatus","weight","loads","startTime","endTime","ticketIds","paymentReceived","createdAt","updatedAt") VALUES ('ce923ad6-b6a2-4aa1-ac4f-4bcb90f46ce7','2025-02-24',810.0,'7227fcf5-6f48-4197-b442-40983d6567d7','dca9d5ba-a64a-4809-9f64-3e07751cb881','56fcaea5-ebc4-4bda-8904-8a3b785c356d','d8c0a938-f2e4-4ae3-a8cc-a0b2b666e4e1',NULL,'Raised',NULL,9,'07:00','14:00',NULL,0,1745678204919,1747270479648);
INSERT INTO "Job" ("jobId","jobDate","jobGrossAmount","jobTypeId","driverId","dispatcherId","unitId","invoiceId","invoiceStatus","weight","loads","startTime","endTime","ticketIds","paymentReceived","createdAt","updatedAt") VALUES ('02028ae7-40bd-4e87-b0c9-40966aebb71d','2025-02-25',0.0,'dadfe938-9a47-4edf-999d-ce2e03a056fe','dca9d5ba-a64a-4809-9f64-3e07751cb881','e9563ca9-66ef-4fb1-88c9-0dccb25f9e19','d8c0a938-f2e4-4ae3-a8cc-a0b2b666e4e1','69074fca-bfc6-4d14-83ae-53890e6a4b12','Raised',NULL,0,'08:30','17:30',NULL,0,1745678204919,1745678204919);
INSERT INTO "Job" ("jobId","jobDate","jobGrossAmount","jobTypeId","driverId","dispatcherId","unitId","invoiceId","invoiceStatus","weight","loads","startTime","endTime","ticketIds","paymentReceived","createdAt","updatedAt") VALUES ('fba48b5c-aefe-4257-9d26-be530af34783','2025-02-26',112.307,'ccdc6e7d-49b0-4d84-a3ea-ab7d36c5d965','dca9d5ba-a64a-4809-9f64-3e07751cb881','56fcaea5-ebc4-4bda-8904-8a3b785c356d','d8c0a938-f2e4-4ae3-a8cc-a0b2b666e4e1','e3090925-d7a2-48ef-8ec4-88e683c1b36a','''pending''','[21.19,21.97,22.15,22.77,22.47,22.01,22.23,22.6,22.16]',0,NULL,NULL,NULL,0,1745678204919,1747266333737);
INSERT INTO "Job" ("jobId","jobDate","jobGrossAmount","jobTypeId","driverId","dispatcherId","unitId","invoiceId","invoiceStatus","weight","loads","startTime","endTime","ticketIds","paymentReceived","createdAt","updatedAt") VALUES ('89daf940-c6dd-4c8d-9031-e89aab7708ae','2025-02-27',115.593,'ccdc6e7d-49b0-4d84-a3ea-ab7d36c5d965','dca9d5ba-a64a-4809-9f64-3e07751cb881','56fcaea5-ebc4-4bda-8904-8a3b785c356d','d8c0a938-f2e4-4ae3-a8cc-a0b2b666e4e1','e3090925-d7a2-48ef-8ec4-88e683c1b36a','''pending''','[21.81,21.71]',0,NULL,NULL,NULL,0,1745678204919,1747266333737);
INSERT INTO "Job" ("jobId","jobDate","jobGrossAmount","jobTypeId","driverId","dispatcherId","unitId","invoiceId","invoiceStatus","weight","loads","startTime","endTime","ticketIds","paymentReceived","createdAt","updatedAt") VALUES ('ead4f13a-c36e-4eb7-ae80-0f777f44ad65','2025-02-28',0.0,'b7912ad5-6ed4-45d3-80d9-f6314298264e','9a9d7bec-7a98-48c2-b77b-2e86b5495f28','e9563ca9-66ef-4fb1-88c9-0dccb25f9e19','d8c0a938-f2e4-4ae3-a8cc-a0b2b666e4e1','69074fca-bfc6-4d14-83ae-53890e6a4b12','Raised',NULL,0,'08:00','14:45',NULL,0,1745678204919,1745678204919);
INSERT INTO "Job" ("jobId","jobDate","jobGrossAmount","jobTypeId","driverId","dispatcherId","unitId","invoiceId","invoiceStatus","weight","loads","startTime","endTime","ticketIds","paymentReceived","createdAt","updatedAt") VALUES ('25269fd7-d913-4f51-a850-40a6ab4f0680','2025-02-24',85.28,'2c62dd6f-bc2e-4664-b0eb-24dbe23e842e','2a49189f-2281-493f-9350-0f0c754761d8','e9563ca9-66ef-4fb1-88c9-0dccb25f9e19','dccc00e0-ea39-4f4f-b57d-9ffb67bfb81c','ad9be58c-f929-4bfc-95b2-8cb7d025e25f','Raised','[21.32,21.96,21.76,21.46,22.74,21.12,21.44,21.38,24.36]',0,NULL,NULL,NULL,0,1745678204919,1745678204919);
INSERT INTO "Job" ("jobId","jobDate","jobGrossAmount","jobTypeId","driverId","dispatcherId","unitId","invoiceId","invoiceStatus","weight","loads","startTime","endTime","ticketIds","paymentReceived","createdAt","updatedAt") VALUES ('68590550-00a8-40b7-8b89-958996655bce','2025-03-26',840.0,'cfec20b9-8e0f-4103-9037-83d101f2b5ed','dca9d5ba-a64a-4809-9f64-3e07751cb881','56fcaea5-ebc4-4bda-8904-8a3b785c356d','d8c0a938-f2e4-4ae3-a8cc-a0b2b666e4e1','2ff80652-c0e1-498a-bc61-db5287392530','''pending''',NULL,0,'07:30','15:30',NULL,0,1745678204919,1747270726099);
INSERT INTO "Job" ("jobId","jobDate","jobGrossAmount","jobTypeId","driverId","dispatcherId","unitId","invoiceId","invoiceStatus","weight","loads","startTime","endTime","ticketIds","paymentReceived","createdAt","updatedAt") VALUES ('dbeae9b6-5955-4e39-ac3f-4dbd99eb2516','2024-10-04',315.0,'5b4364a0-10e1-4f26-adec-c083028be002','dca9d5ba-a64a-4809-9f64-3e07751cb881','56fcaea5-ebc4-4bda-8904-8a3b785c356d','d8c0a938-f2e4-4ae3-a8cc-a0b2b666e4e1','2ff80652-c0e1-498a-bc61-db5287392530','''pending''',NULL,0,'04:30','07:30',NULL,0,1745678204919,1747270726099);
INSERT INTO "Job" ("jobId","jobDate","jobGrossAmount","jobTypeId","driverId","dispatcherId","unitId","invoiceId","invoiceStatus","weight","loads","startTime","endTime","ticketIds","paymentReceived","createdAt","updatedAt") VALUES ('941e3977-513a-40f8-9079-ed9e98c8c264','2024-10-04',1100.0,'118621f7-9a41-463b-b262-770890330f07','dca9d5ba-a64a-4809-9f64-3e07751cb881','56fcaea5-ebc4-4bda-8904-8a3b785c356d','d8c0a938-f2e4-4ae3-a8cc-a0b2b666e4e1','2ff80652-c0e1-498a-bc61-db5287392530','''pending''',NULL,5,NULL,NULL,NULL,0,1745678204919,1747270726099);
INSERT INTO "Job" ("jobId","jobDate","jobGrossAmount","jobTypeId","driverId","dispatcherId","unitId","invoiceId","invoiceStatus","weight","loads","startTime","endTime","ticketIds","paymentReceived","createdAt","updatedAt") VALUES ('6d1a3201-4e78-4b62-9b9a-df0bfa8cde75','2024-12-20',205.1875,'9c119b16-d309-4f38-ae53-e1087d217994','2784f384-7d36-477b-8631-7d543a15fd5b','56fcaea5-ebc4-4bda-8904-8a3b785c356d','6d93ea05-d0b1-4361-b89e-0d7a77a900cc','2ff80652-c0e1-498a-bc61-db5287392530','''pending''','[23.45]',0,NULL,NULL,NULL,0,1745678204919,1747270726099);
INSERT INTO "Job" ("jobId","jobDate","jobGrossAmount","jobTypeId","driverId","dispatcherId","unitId","invoiceId","invoiceStatus","weight","loads","startTime","endTime","ticketIds","paymentReceived","createdAt","updatedAt") VALUES ('8cdd9f63-b072-4252-91cb-beaa36463e95','2025-01-07',183.7245,'fdd6cf0c-5ac9-4df1-963b-7969aa5d444b','2784f384-7d36-477b-8631-7d543a15fd5b','56fcaea5-ebc4-4bda-8904-8a3b785c356d','6d93ea05-d0b1-4361-b89e-0d7a77a900cc','2ff80652-c0e1-498a-bc61-db5287392530','''pending''','[23.11]',0,NULL,NULL,NULL,0,1745678204919,1747270726099);
INSERT INTO "Job" ("jobId","jobDate","jobGrossAmount","jobTypeId","driverId","dispatcherId","unitId","invoiceId","invoiceStatus","weight","loads","startTime","endTime","ticketIds","paymentReceived","createdAt","updatedAt") VALUES ('9e7882d1-6df2-4acf-9f9b-bbbe2bf76ded','2025-04-03',900.0,'2dce2dd8-dea7-45db-8eff-5ddd9f07a2e5','dca9d5ba-a64a-4809-9f64-3e07751cb881','e9563ca9-66ef-4fb1-88c9-0dccb25f9e19','d8c0a938-f2e4-4ae3-a8cc-a0b2b666e4e1','d8cadbf6-231b-46eb-9c70-6bc9dd638aff','Raised',NULL,0,'08:00','17:00',NULL,0,1745678204919,1745678204919);
INSERT INTO "Job" ("jobId","jobDate","jobGrossAmount","jobTypeId","driverId","dispatcherId","unitId","invoiceId","invoiceStatus","weight","loads","startTime","endTime","ticketIds","paymentReceived","createdAt","updatedAt") VALUES ('ec597da4-459c-4979-a3bb-765d7143840e','2025-04-04',1128.75,'3ba820f4-d4bc-464d-8b86-e38002b8e973','dca9d5ba-a64a-4809-9f64-3e07751cb881','e9563ca9-66ef-4fb1-88c9-0dccb25f9e19','d8c0a938-f2e4-4ae3-a8cc-a0b2b666e4e1','d8cadbf6-231b-46eb-9c70-6bc9dd638aff','Raised',NULL,0,'07:00','17:45',NULL,0,1745678204919,1745678204919);
INSERT INTO "Job" ("jobId","jobDate","jobGrossAmount","jobTypeId","driverId","dispatcherId","unitId","invoiceId","invoiceStatus","weight","loads","startTime","endTime","ticketIds","paymentReceived","createdAt","updatedAt") VALUES ('f6742956-0681-42a5-9b03-7d9a5d9ae034','2025-04-07',1102.5,'e48fa44d-77a4-4c5f-8890-5c668cc096c0','dca9d5ba-a64a-4809-9f64-3e07751cb881','e9563ca9-66ef-4fb1-88c9-0dccb25f9e19','d8c0a938-f2e4-4ae3-a8cc-a0b2b666e4e1',NULL,'Pending',NULL,NULL,'07:30','18:00','["632"]',0,1747249401975,1747253955968);
INSERT INTO "Job" ("jobId","jobDate","jobGrossAmount","jobTypeId","driverId","dispatcherId","unitId","invoiceId","invoiceStatus","weight","loads","startTime","endTime","ticketIds","paymentReceived","createdAt","updatedAt") VALUES ('af12809c-d708-4f6c-828b-9d23ef66e7d4','2025-04-08',1050.0,'3ba820f4-d4bc-464d-8b86-e38002b8e973','dca9d5ba-a64a-4809-9f64-3e07751cb881','e9563ca9-66ef-4fb1-88c9-0dccb25f9e19','d8c0a938-f2e4-4ae3-a8cc-a0b2b666e4e1',NULL,'Pending',NULL,NULL,'07:15','17:15','["633"]',0,1747249459666,1747253946315);
INSERT INTO "Job" ("jobId","jobDate","jobGrossAmount","jobTypeId","driverId","dispatcherId","unitId","invoiceId","invoiceStatus","weight","loads","startTime","endTime","ticketIds","paymentReceived","createdAt","updatedAt") VALUES ('93f1a9c3-7b3a-4c38-ae9a-9b1b590468ac','2025-04-10',936.0,'78b33e44-d351-498f-9c19-0e48926cdf89','dca9d5ba-a64a-4809-9f64-3e07751cb881','56fcaea5-ebc4-4bda-8904-8a3b785c356d','d8c0a938-f2e4-4ae3-a8cc-a0b2b666e4e1',NULL,'Pending',NULL,NULL,'07:15','16:15','["3181","3167"]',0,1747249696112,1747253992478);
INSERT INTO "Job" ("jobId","jobDate","jobGrossAmount","jobTypeId","driverId","dispatcherId","unitId","invoiceId","invoiceStatus","weight","loads","startTime","endTime","ticketIds","paymentReceived","createdAt","updatedAt") VALUES ('ddccd9c9-7cf0-4dad-8d4a-d1a5ded7dc5f','2025-04-23',971.25,'468ae3b0-0b18-4924-815f-1c28157f20e6','dca9d5ba-a64a-4809-9f64-3e07751cb881','e9563ca9-66ef-4fb1-88c9-0dccb25f9e19','d8c0a938-f2e4-4ae3-a8cc-a0b2b666e4e1',NULL,'Pending',NULL,NULL,'07:00','16:15','["634"]',0,1747249856937,1747253935882);
INSERT INTO "Job" ("jobId","jobDate","jobGrossAmount","jobTypeId","driverId","dispatcherId","unitId","invoiceId","invoiceStatus","weight","loads","startTime","endTime","ticketIds","paymentReceived","createdAt","updatedAt") VALUES ('7f0118f2-9949-40ba-b049-0b310c8100d1','2025-04-25',472.5,'8c108a7b-4717-4395-9a20-cdc02971c3e1','dca9d5ba-a64a-4809-9f64-3e07751cb881','56fcaea5-ebc4-4bda-8904-8a3b785c356d','d8c0a938-f2e4-4ae3-a8cc-a0b2b666e4e1',NULL,'Pending',NULL,NULL,'07:00','11:30','["2449"]',0,1747249996377,1747254227126);
INSERT INTO "Job" ("jobId","jobDate","jobGrossAmount","jobTypeId","driverId","dispatcherId","unitId","invoiceId","invoiceStatus","weight","loads","startTime","endTime","ticketIds","paymentReceived","createdAt","updatedAt") VALUES ('3cddd497-bd54-4efd-a824-6d4b6a1ccb61','2025-04-29',850.0,'b2e40710-7c99-41a2-ad56-18d6292209fd','dca9d5ba-a64a-4809-9f64-3e07751cb881','e9563ca9-66ef-4fb1-88c9-0dccb25f9e19','d8c0a938-f2e4-4ae3-a8cc-a0b2b666e4e1',NULL,'Pending',NULL,NULL,'07:30','16:00','["635"]',0,1747250136412,1747253921736);
INSERT INTO "Job" ("jobId","jobDate","jobGrossAmount","jobTypeId","driverId","dispatcherId","unitId","invoiceId","invoiceStatus","weight","loads","startTime","endTime","ticketIds","paymentReceived","createdAt","updatedAt") VALUES ('26e4ce89-ba5f-44f5-91bc-4399492762a7','2025-04-30',1000.0,'d53f45a2-8963-46ae-8d5a-33f722e5fd71','dca9d5ba-a64a-4809-9f64-3e07751cb881','b0c14596-9ddc-4a75-93ac-2a9eaca56c05','d8c0a938-f2e4-4ae3-a8cc-a0b2b666e4e1',NULL,'Pending',NULL,NULL,'07:00','17:00','["1024"]',0,1747250593189,1747253856894);
INSERT INTO "Job" ("jobId","jobDate","jobGrossAmount","jobTypeId","driverId","dispatcherId","unitId","invoiceId","invoiceStatus","weight","loads","startTime","endTime","ticketIds","paymentReceived","createdAt","updatedAt") VALUES ('755ecc38-8f88-4494-b685-812686e74ad2','2025-05-01',275.0,'d53f45a2-8963-46ae-8d5a-33f722e5fd71','dca9d5ba-a64a-4809-9f64-3e07751cb881','b0c14596-9ddc-4a75-93ac-2a9eaca56c05','d8c0a938-f2e4-4ae3-a8cc-a0b2b666e4e1',NULL,'Pending',NULL,NULL,'07:00','09:45','["1023"]',0,1747250706410,1747253883351);
INSERT INTO "Job" ("jobId","jobDate","jobGrossAmount","jobTypeId","driverId","dispatcherId","unitId","invoiceId","invoiceStatus","weight","loads","startTime","endTime","ticketIds","paymentReceived","createdAt","updatedAt") VALUES ('6bd44bcc-3f43-4a10-9d4f-ebe22a663d6a','2025-05-05',1050.0,'d53f45a2-8963-46ae-8d5a-33f722e5fd71','dca9d5ba-a64a-4809-9f64-3e07751cb881','b0c14596-9ddc-4a75-93ac-2a9eaca56c05','d8c0a938-f2e4-4ae3-a8cc-a0b2b666e4e1',NULL,'Pending',NULL,NULL,'07:00','17:30','["150"]',0,1747252430890,1747265314057);
INSERT INTO "Job" ("jobId","jobDate","jobGrossAmount","jobTypeId","driverId","dispatcherId","unitId","invoiceId","invoiceStatus","weight","loads","startTime","endTime","ticketIds","paymentReceived","createdAt","updatedAt") VALUES ('e62d0b36-dcfb-4091-b687-3dbff8b9de23','2025-05-06',997.5,'e0443105-35c3-4aa4-9360-f2bc6fee1a81','dca9d5ba-a64a-4809-9f64-3e07751cb881','e9563ca9-66ef-4fb1-88c9-0dccb25f9e19','d8c0a938-f2e4-4ae3-a8cc-a0b2b666e4e1',NULL,'Pending',NULL,NULL,'07:00','16:30','["636"]',0,1747253051893,1747253051893);
INSERT INTO "Job" ("jobId","jobDate","jobGrossAmount","jobTypeId","driverId","dispatcherId","unitId","invoiceId","invoiceStatus","weight","loads","startTime","endTime","ticketIds","paymentReceived","createdAt","updatedAt") VALUES ('72ce54d7-efc2-47f9-98e3-0898c891dcfe','2025-05-08',950.0,'315ec08d-ebf2-4e7c-b8f9-9ca118133257','dca9d5ba-a64a-4809-9f64-3e07751cb881','e9563ca9-66ef-4fb1-88c9-0dccb25f9e19','d8c0a938-f2e4-4ae3-a8cc-a0b2b666e4e1',NULL,'Pending',NULL,NULL,'07:00','16:30','["49603"]',0,1747253252123,1747253252123);
INSERT INTO "Job" ("jobId","jobDate","jobGrossAmount","jobTypeId","driverId","dispatcherId","unitId","invoiceId","invoiceStatus","weight","loads","startTime","endTime","ticketIds","paymentReceived","createdAt","updatedAt") VALUES ('866bc314-f797-4e13-b581-5b0194189b3a','2025-05-09',945.0,'e0443105-35c3-4aa4-9360-f2bc6fee1a81','dca9d5ba-a64a-4809-9f64-3e07751cb881','e9563ca9-66ef-4fb1-88c9-0dccb25f9e19','d8c0a938-f2e4-4ae3-a8cc-a0b2b666e4e1',NULL,'Pending',NULL,NULL,'07:15','16:15','["637"]',0,1747253292705,1747253292705);
INSERT INTO "Job" ("jobId","jobDate","jobGrossAmount","jobTypeId","driverId","dispatcherId","unitId","invoiceId","invoiceStatus","weight","loads","startTime","endTime","ticketIds","paymentReceived","createdAt","updatedAt") VALUES ('ebe1402b-f2d2-4cb7-9ee1-2fa0593b527b','2025-05-12',1075.0,'5c447ffe-3193-4a99-ac05-574c2983e13b','dca9d5ba-a64a-4809-9f64-3e07751cb881','b0c14596-9ddc-4a75-93ac-2a9eaca56c05','d8c0a938-f2e4-4ae3-a8cc-a0b2b666e4e1',NULL,'Pending','["2.02"]',NULL,'07:00','17:45','["1520"]',0,1747253402534,1747253426070);
INSERT INTO "Job" ("jobId","jobDate","jobGrossAmount","jobTypeId","driverId","dispatcherId","unitId","invoiceId","invoiceStatus","weight","loads","startTime","endTime","ticketIds","paymentReceived","createdAt","updatedAt") VALUES ('04813282-0a07-427c-98c4-8c0643ee8932','2025-05-13',700.0,'5c447ffe-3193-4a99-ac05-574c2983e13b','dca9d5ba-a64a-4809-9f64-3e07751cb881','b0c14596-9ddc-4a75-93ac-2a9eaca56c05','d8c0a938-f2e4-4ae3-a8cc-a0b2b666e4e1',NULL,'Pending',NULL,NULL,'07:00','14:00','["1523"]',0,1747253465026,1747253465026);
INSERT INTO "JobType" ("jobTypeId","title","startLocation","endLocation","dispatchType","rateOfJob","companyId","createdAt","updatedAt") VALUES ('ccdc6e7d-49b0-4d84-a3ea-ab7d36c5d965','214 Carson Co. - Brantford - Tonnage - 5.30','Lafarge Pit','1228 Colborne Street, Brantford','Tonnage',5.3,'9a90fa68-d1ad-434b-843b-e6762b182499',1745680423151,1745680423151);
INSERT INTO "JobType" ("jobTypeId","title","startLocation","endLocation","dispatchType","rateOfJob","companyId","createdAt","updatedAt") VALUES ('3cc007f2-9466-4194-9a69-f5995904caec','Blythedale - Pit 5 To Ingersol - 105','Pit 5','Ingersol','Hourly',105.0,'983e3aee-ddfb-402e-9b5a-6ca9e0b88b8f',1745845537621,1746222780252);
INSERT INTO "JobType" ("jobTypeId","title","startLocation","endLocation","dispatchType","rateOfJob","companyId","createdAt","updatedAt") VALUES ('1c60d4aa-2503-40b8-8d93-7cbfbfd27568','VP Top Soil - Wonderland To Rebecca Road (Snow) - Hourly - 100','Wonderland','Rebecca Road','Hourly',100.0,'09f258c4-aa5c-4324-bc90-fca3c0d61b5c',1745846275960,1746222786065);
INSERT INTO "JobType" ("jobTypeId","title","startLocation","endLocation","dispatchType","rateOfJob","companyId","createdAt","updatedAt") VALUES ('6fd11450-8592-48f1-b058-1b19918db359','VanBree - Wonderland to Pit 6 - Hourly - 102','Wonderland Road','Blythedale Pit 6','Hourly',102.0,'6781156e-20ee-4a26-b878-0a60e43dc950',1745847417843,1745847978820);
INSERT INTO "JobType" ("jobTypeId","title","startLocation","endLocation","dispatchType","rateOfJob","companyId","createdAt","updatedAt") VALUES ('01a2986b-f9a3-4d45-b9cd-7bb5a3d40a70','Clintar - Remarks Plaza to Insell (Snow) - Hourly - 102','Remark Plaze','Insell','Hourly',102.0,'89d31846-e100-491f-b943-c48aacb6c9c6',1745848998879,1745850335371);
INSERT INTO "JobType" ("jobTypeId","title","startLocation","endLocation","dispatchType","rateOfJob","companyId","createdAt","updatedAt") VALUES ('fdd6cf0c-5ac9-4df1-963b-7969aa5d444b','Elgin Construction - Pit 5 to Tilsonburg - Tonnage - 7.95','Pit 5','Tilsonburg','Tonnage',7.95,'86fccc4a-db8e-455d-8bc2-a61a338c7d99',1745849753252,1745847906076);
INSERT INTO "JobType" ("jobTypeId","title","startLocation","endLocation","dispatchType","rateOfJob","companyId","createdAt","updatedAt") VALUES ('679fa8c3-2020-4e08-87b4-1284aaf2d9dd','Sturdy''s - Woodstuck to Muck Farm -  Hourly - 105','667 Jack Ross Woodstock','Muck Site Farm','Hourly',105.0,'430c3ba2-9dae-499e-9990-cd06c1ad90d4',1745849822900,1745848026272);
INSERT INTO "JobType" ("jobTypeId","title","startLocation","endLocation","dispatchType","rateOfJob","companyId","createdAt","updatedAt") VALUES ('9c99f05a-76ff-431e-9496-5e9c0893afbc','Blythedale - Country Yard to Muck Site - Hourly - 105','Country Yard','Muck Site','Hourly',105.0,'983e3aee-ddfb-402e-9b5a-6ca9e0b88b8f',1745849867286,1745847489851);
INSERT INTO "JobType" ("jobTypeId","title","startLocation","endLocation","dispatchType","rateOfJob","companyId","createdAt","updatedAt") VALUES ('cfec20b9-8e0f-4103-9037-83d101f2b5ed','VanBree - Mud Creek to Heritage Pit - Hourly - 105','Mud Creek Proudfoot & Oxford Street','Heritage Pit 06','Hourly',105.0,'6781156e-20ee-4a26-b878-0a60e43dc950',1745849922817,1745849922817);
INSERT INTO "JobType" ("jobTypeId","title","startLocation","endLocation","dispatchType","rateOfJob","companyId","createdAt","updatedAt") VALUES ('a423eca3-0b12-4b2f-9896-5912df4dae6d','R. Russel Construction - Ashland to Baigent Pit - Hourly - 103','Ashland Avenue','Baigent Pit','Hourly',103.0,'b565a573-8c24-4d8c-9b8e-771de54413ac',1745849980246,1746223639967);
INSERT INTO "JobType" ("jobTypeId","title","startLocation","endLocation","dispatchType","rateOfJob","companyId","createdAt","updatedAt") VALUES ('1aec0b25-022a-4757-a874-09bb4d7ed045','VanBree - Hunt Pit to London Glove Factory - Hourly - 105','Hunt Pit','London Glove Pit','Hourly',105.0,'6781156e-20ee-4a26-b878-0a60e43dc950',1745850028276,1745850028276);
INSERT INTO "JobType" ("jobTypeId","title","startLocation","endLocation","dispatchType","rateOfJob","companyId","createdAt","updatedAt") VALUES ('0b324997-154c-4bb9-9054-9af5762a7a64','ASG Excavating - Heritage to Linkway - Hourly - unknown','Heritage Pit','Linkway Blvd','Tonnage',0.0,'dc6b8dbd-ea32-4a8a-a034-0faefcb5b66d',1745850065846,1745848120735);
INSERT INTO "JobType" ("jobTypeId","title","startLocation","endLocation","dispatchType","rateOfJob","companyId","createdAt","updatedAt") VALUES ('8ce2ddcd-d21e-4f99-8ada-6906bf4e33bc','VanBree - Ponds Mill to Baigent Pit - Hourly - 105','Ponds Mill','Baigent Pit','Hourly',105.0,'6781156e-20ee-4a26-b878-0a60e43dc950',1745850114715,1745850114715);
INSERT INTO "JobType" ("jobTypeId","title","startLocation","endLocation","dispatchType","rateOfJob","companyId","createdAt","updatedAt") VALUES ('985f9325-b608-4cad-aa6a-ac26789cd602','ASG Excavating - Pit 6 to Talbot - Tonnage - 6.7','Pit 6','Col Talbot PO#25-005','Tonnage',6.7,'dc6b8dbd-ea32-4a8a-a034-0faefcb5b66d',1745850178068,1746222811205);
INSERT INTO "JobType" ("jobTypeId","title","startLocation","endLocation","dispatchType","rateOfJob","companyId","createdAt","updatedAt") VALUES ('b7912ad5-6ed4-45d3-80d9-f6314298264e','Lifted - Bonaventure to Blue Con Yard - Hourly - unknown','Bonaventure ','Blue Con Yard','Hourly',95.0,'3c14a0e0-7b55-4c6c-845b-909ac1a7a28f',1745850386685,1745847390786);
INSERT INTO "JobType" ("jobTypeId","title","startLocation","endLocation","dispatchType","rateOfJob","companyId","createdAt","updatedAt") VALUES ('0b34b586-82a3-4bc2-98f0-a2a8aaca2fab','VP Top Soil - Byron to Wharrancliff - Hourly - 100','Byron','Wharrancliff','Hourly',100.0,'09f258c4-aa5c-4324-bc90-fca3c0d61b5c',1745850444248,1746222790129);
INSERT INTO "JobType" ("jobTypeId","title","startLocation","endLocation","dispatchType","rateOfJob","companyId","createdAt","updatedAt") VALUES ('f5cd9903-8cd3-45da-8eb2-715d56459e0d','Edward & Sons - Glendon Drive to Wharrancliff - Hourly - 102','Glendon Drive','Wharrancliff ','Hourly',102.0,'d537a850-b319-4127-9adc-c7f3dba84025',1745850521508,1746222824915);
INSERT INTO "JobType" ("jobTypeId","title","startLocation","endLocation","dispatchType","rateOfJob","companyId","createdAt","updatedAt") VALUES ('7227fcf5-6f48-4197-b442-40983d6567d7','214 Carson Co. - Pataullo to Woodstock - Load - 90','Pataullo ','Woodstock ','Load',90.0,'9a90fa68-d1ad-434b-843b-e6762b182499',1745850620898,1745849750664);
INSERT INTO "JobType" ("jobTypeId","title","startLocation","endLocation","dispatchType","rateOfJob","companyId","createdAt","updatedAt") VALUES ('dadfe938-9a47-4edf-999d-ce2e03a056fe','VP Top Soil - Multiple Locations - Hourly - 100','Thistle Wood','Rebecca Yard','Hourly',100.0,'09f258c4-aa5c-4324-bc90-fca3c0d61b5c',1745850668360,1746222793437);
INSERT INTO "JobType" ("jobTypeId","title","startLocation","endLocation","dispatchType","rateOfJob","companyId","createdAt","updatedAt") VALUES ('2b10896d-514c-4b99-99cf-05a9dc0a11e3','Curbside Construction - Baseline Road  to Hunt Pit - Hourly - 105','633 Baseline Road','Hunt Pit','Hourly',105.0,'6781156e-20ee-4a26-b878-0a60e43dc950',1745851975988,1746223648647);
INSERT INTO "JobType" ("jobTypeId","title","startLocation","endLocation","dispatchType","rateOfJob","companyId","createdAt","updatedAt") VALUES ('11388c39-b908-4302-8058-8e0ec82cef0a','VanBree - Ponds Mill to Byron Pit - Hourly - 105','Ponds Mill','Byron Pit','Hourly',105.0,'6781156e-20ee-4a26-b878-0a60e43dc950',1745853026010,1745853026010);
INSERT INTO "JobType" ("jobTypeId","title","startLocation","endLocation","dispatchType","rateOfJob","companyId","createdAt","updatedAt") VALUES ('2c62dd6f-bc2e-4664-b0eb-24dbe23e842e','ASG Excavating - Asher Cres - Tonnage - 4','Thames Aggregate Pit','Asher Crescent','Tonnage',4.0,'dc6b8dbd-ea32-4a8a-a034-0faefcb5b66d',1746222713078,1746222817835);
INSERT INTO "JobType" ("jobTypeId","title","startLocation","endLocation","dispatchType","rateOfJob","companyId","createdAt","updatedAt") VALUES ('03ba071f-5071-4aa1-9bfa-59f09a4f3443','ASG Excavating - Heritage to Linkway - Tonnage - 7.95','Heritage Pit','Linkway Blvd','Tonnage',7.95,'dc6b8dbd-ea32-4a8a-a034-0faefcb5b66d',1746100724272,1746100724272);
INSERT INTO "JobType" ("jobTypeId","title","startLocation","endLocation","dispatchType","rateOfJob","companyId","createdAt","updatedAt") VALUES ('5b4364a0-10e1-4f26-adec-c083028be002','Armstrong - WoodStock - Hourly - 105','Kitchener','Wingham','Hourly',105.0,'163324e6-99b3-4438-af2c-6b882a235870',1746101756864,1746101786466);
INSERT INTO "JobType" ("jobTypeId","title","startLocation","endLocation","dispatchType","rateOfJob","companyId","createdAt","updatedAt") VALUES ('118621f7-9a41-463b-b262-770890330f07','Stubbe''s - Pattaulo - Load - 220','Pataullo ','Heritage Pit','Load',220.0,'67fc5e77-adbc-4f47-a6c5-e2154389783f',1746101860405,1746101860405);
INSERT INTO "JobType" ("jobTypeId","title","startLocation","endLocation","dispatchType","rateOfJob","companyId","createdAt","updatedAt") VALUES ('9c119b16-d309-4f38-ae53-e1087d217994','Elgin Construction - Pit 6 to Wright Strathroy - Tonnage - 8.75','Pit 6','Wright Strathroy','Tonnage',8.75,'86fccc4a-db8e-455d-8bc2-a61a338c7d99',1746102197628,1746102197628);
INSERT INTO "JobType" ("jobTypeId","title","startLocation","endLocation","dispatchType","rateOfJob","companyId","createdAt","updatedAt") VALUES ('2dce2dd8-dea7-45db-8eff-5ddd9f07a2e5','Lifted - Grand River to JAAR - Hourly - 100','Grand River','JAAR Plant','Hourly',100.0,'3c14a0e0-7b55-4c6c-845b-909ac1a7a28f',1746626533508,1746626533508);
INSERT INTO "JobType" ("jobTypeId","title","startLocation","endLocation","dispatchType","rateOfJob","companyId","createdAt","updatedAt") VALUES ('3ba820f4-d4bc-464d-8b86-e38002b8e973','GHN - Forest Avenue  to GHN Yard - Hourly - 105','Forest Avenue','GHN Yard','Hourly',105.0,'d3fade0c-7f73-4982-8b05-2fbd8e16aa6b',1746626570594,1746626591371);
INSERT INTO "JobType" ("jobTypeId","title","startLocation","endLocation","dispatchType","rateOfJob","companyId","createdAt","updatedAt") VALUES ('e48fa44d-77a4-4c5f-8890-5c668cc096c0','GHN - Glendon Drive - Hourly - 105','Glendon Drive','Goldin Pit','Hourly',105.0,'d3fade0c-7f73-4982-8b05-2fbd8e16aa6b',1747249316317,1747249316317);
INSERT INTO "JobType" ("jobTypeId","title","startLocation","endLocation","dispatchType","rateOfJob","companyId","createdAt","updatedAt") VALUES ('78b33e44-d351-498f-9c19-0e48926cdf89','Aarcon Excavation - Doye Drive to London Dairy - Hourly - 105','Doye Drive','London Dairy','Hourly',104.0,'bd099024-f21d-4f09-9044-8deec886eb63',1747249628654,1747249721113);
INSERT INTO "JobType" ("jobTypeId","title","startLocation","endLocation","dispatchType","rateOfJob","companyId","createdAt","updatedAt") VALUES ('468ae3b0-0b18-4924-815f-1c28157f20e6','GHN - Glendon Drive to Victoria Hospital - Hourly - 105','Glendon Drive','Victoria Hospital','Hourly',105.0,'d3fade0c-7f73-4982-8b05-2fbd8e16aa6b',1747249810419,1747249810419);
INSERT INTO "JobType" ("jobTypeId","title","startLocation","endLocation","dispatchType","rateOfJob","companyId","createdAt","updatedAt") VALUES ('8c108a7b-4717-4395-9a20-cdc02971c3e1','VanBree - Aristian Pasta - Hourly - 105','Aristian Parta','','Hourly',105.0,'6781156e-20ee-4a26-b878-0a60e43dc950',1747249949694,1747249949694);
INSERT INTO "JobType" ("jobTypeId","title","startLocation","endLocation","dispatchType","rateOfJob","companyId","createdAt","updatedAt") VALUES ('b2e40710-7c99-41a2-ad56-18d6292209fd','Tridon - Old Victoria to Bobolink Drive - Hourly - 100','Old Victoria','Bobolink Drive','Hourly',100.0,'4faee77b-d35e-498d-8690-f58a09a2934c',1747250094198,1747250405676);
INSERT INTO "JobType" ("jobTypeId","title","startLocation","endLocation","dispatchType","rateOfJob","companyId","createdAt","updatedAt") VALUES ('d53f45a2-8963-46ae-8d5a-33f722e5fd71','Drewlo - River Bend to Jackson - Hourly - 100','River Bend','Jackson Sommer Side','Hourly',100.0,'9e111ebf-16c6-40c9-8163-d43502074910',1747250488830,1747250510883);
INSERT INTO "JobType" ("jobTypeId","title","startLocation","endLocation","dispatchType","rateOfJob","companyId","createdAt","updatedAt") VALUES ('e0443105-35c3-4aa4-9360-f2bc6fee1a81','GHN - Pemberton St to County Yard - Hourly - 105','Pemberton Street','County Yard','Hourly',105.0,'d3fade0c-7f73-4982-8b05-2fbd8e16aa6b',1747253020090,1747253020090);
INSERT INTO "JobType" ("jobTypeId","title","startLocation","endLocation","dispatchType","rateOfJob","companyId","createdAt","updatedAt") VALUES ('315ec08d-ebf2-4e7c-b8f9-9ca118133257','Birnam - Site to Glengyle Drive - Hourly - 100','Site','Glengyle Drive','Hourly',100.0,'51e47c1c-bae9-43a7-9ee9-80590ff3759f',1747253182379,1747253182379);
INSERT INTO "JobType" ("jobTypeId","title","startLocation","endLocation","dispatchType","rateOfJob","companyId","createdAt","updatedAt") VALUES ('5c447ffe-3193-4a99-ac05-574c2983e13b','Drewlo - Superior Drive to St Thomas - Hourly - 100','Superior Drive','St Thomas','Hourly',100.0,'9e111ebf-16c6-40c9-8163-d43502074910',1747253346738,1747253373006);
CREATE UNIQUE INDEX IF NOT EXISTS "DriverRate_driverId_jobTypeId_key" ON "DriverRate" (
	"driverId",
	"jobTypeId"
);
CREATE UNIQUE INDEX IF NOT EXISTS "Invoice_invoiceNumber_key" ON "Invoice" (
	"invoiceNumber"
);
COMMIT;
